{
  "loss": [
    0.7252944111824036,
    0.6937631368637085,
    0.6771082878112793,
    0.6665125489234924,
    0.659159243106842,
    0.6536734104156494,
    0.6494670510292053,
    0.6464261412620544,
    0.6436092257499695,
    0.6413959860801697,
    0.6393213868141174,
    0.6373329758644104,
    0.6355077624320984,
    0.633724570274353,
    0.632048487663269,
    0.6306220293045044,
    0.6290294528007507,
    0.6218110918998718,
    0.6207132339477539,
    0.6197901964187622
  ],
  "mae": [
    0.6640775799751282,
    0.6478500962257385,
    0.6388230919837952,
    0.6328088641166687,
    0.6285861730575562,
    0.6254835724830627,
    0.6230234503746033,
    0.6211951375007629,
    0.6196564435958862,
    0.6182315349578857,
    0.6170552372932434,
    0.615971565246582,
    0.614927351474762,
    0.6138622164726257,
    0.6129254698753357,
    0.6120840907096863,
    0.6112033724784851,
    0.607141375541687,
    0.6065400838851929,
    0.6060329079627991
  ],
  "mse": [
    0.7252944111824036,
    0.6937631368637085,
    0.6771082878112793,
    0.6665125489234924,
    0.659159243106842,
    0.6536734104156494,
    0.6494670510292053,
    0.6464261412620544,
    0.6436092257499695,
    0.6413959860801697,
    0.6393213868141174,
    0.6373329758644104,
    0.6355077624320984,
    0.633724570274353,
    0.632048487663269,
    0.6306220293045044,
    0.6290294528007507,
    0.6218110918998718,
    0.6207132339477539,
    0.6197901964187622
  ],
  "val_loss": [
    1.0076693296432495,
    1.0044816732406616,
    0.9875968098640442,
    0.981260359287262,
    0.9664590954780579,
    0.9542102217674255,
    0.9558535218238831,
    0.9511848092079163,
    0.9496439695358276,
    0.9472506046295166,
    0.9448819756507874,
    0.9400086402893066,
    0.942122757434845,
    0.9321797490119934,
    0.9334660768508911,
    0.9409059882164001,
    0.9337758421897888,
    0.9288778901100159,
    0.9257161021232605,
    0.9295372366905212
  ],
  "val_mae": [
    0.7527090907096863,
    0.7516255378723145,
    0.7451571822166443,
    0.7425158023834229,
    0.737000584602356,
    0.7349759936332703,
    0.7336321473121643,
    0.7297194600105286,
    0.7307507395744324,
    0.7308144569396973,
    0.7301660776138306,
    0.7285326719284058,
    0.7313700914382935,
    0.7269006371498108,
    0.7274109125137329,
    0.7280540466308594,
    0.7277123332023621,
    0.7292201519012451,
    0.7268254160881042,
    0.7269396781921387
  ],
  "val_mse": [
    1.0076693296432495,
    1.0044816732406616,
    0.9875968098640442,
    0.981260359287262,
    0.9664590954780579,
    0.9542102217674255,
    0.9558535218238831,
    0.9511848092079163,
    0.9496439695358276,
    0.9472506046295166,
    0.9448819756507874,
    0.9400086402893066,
    0.942122757434845,
    0.9321797490119934,
    0.9334660768508911,
    0.9409059882164001,
    0.9337758421897888,
    0.9288778901100159,
    0.9257161021232605,
    0.9295372366905212
  ],
  "learning_rate": [
    9.999999747378752e-05,
    9.999999747378752e-05,
    9.999999747378752e-05,
    9.999999747378752e-05,
    9.999999747378752e-05,
    9.999999747378752e-05,
    9.999999747378752e-05,
    9.999999747378752e-05,
    9.999999747378752e-05,
    9.999999747378752e-05,
    9.999999747378752e-05,
    9.999999747378752e-05,
    9.999999747378752e-05,
    9.999999747378752e-05,
    9.999999747378752e-05,
    9.999999747378752e-05,
    9.999999747378752e-05,
    4.999999873689376e-05,
    4.999999873689376e-05,
    4.999999873689376e-05
  ]
}