{
  "loss": [
    0.17773602902889252,
    0.1424839347600937,
    0.1317928284406662,
    0.12549376487731934,
    0.120876245200634,
    0.1157221794128418
  ],
  "mae": [
    0.31521525979042053,
    0.28234434127807617,
    0.27088895440101624,
    0.2637965679168701,
    0.2583923041820526,
    0.25243499875068665
  ],
  "mse": [
    0.17773602902889252,
    0.1424839347600937,
    0.1317928284406662,
    0.12549376487731934,
    0.120876245200634,
    0.1157221794128418
  ],
  "val_loss": [
    0.11764342337846756,
    0.1147901639342308,
    0.140003964304924,
    0.13041140139102936,
    0.13448980450630188,
    0.13646791875362396
  ],
  "val_mae": [
    0.2494291365146637,
    0.24408231675624847,
    0.26685813069343567,
    0.2557539641857147,
    0.26026755571365356,
    0.26015666127204895
  ],
  "val_mse": [
    0.11764342337846756,
    0.1147901639342308,
    0.140003964304924,
    0.13041140139102936,
    0.13448980450630188,
    0.13646791875362396
  ],
  "learning_rate": [
    9.999999747378752e-05,
    9.999999747378752e-05,
    9.999999747378752e-05,
    9.999999747378752e-05,
    9.999999747378752e-05,
    4.999999873689376e-05
  ]
}