{
  "train_r2": 0.6935745477676392,
  "train_rmse": 0.5535570383071899,
  "n_train": 6663888,
  "val_r2": 0.49418699741363525,
  "val_rmse": 0.5918427109718323
}