{
  "train_r2": 0.11917257308959961,
  "train_rmse": 0.9385238885879517,
  "n_train": 6663888,
  "val_r2": 0.054101526737213135,
  "val_rmse": 0.7799936532974243
}