{
  "train_r2": 0.48520052433013916,
  "train_rmse": 0.7174952626228333,
  "n_train": 6647760,
  "val_r2": 0.2685771584510803,
  "val_rmse": 1.2127047777175903
}