{
  "train_r2": 0.7574463486671448,
  "train_rmse": 0.4924972951412201,
  "n_train": 6663888,
  "val_r2": 0.6005170345306396,
  "val_rmse": 0.525969386100769
}