{
  "loss": [
    0.3989209234714508,
    0.3174189031124115,
    0.2770306169986725,
    0.2518594264984131,
    0.23244333267211914
  ],
  "mae": [
    0.47099992632865906,
    0.4209789037704468,
    0.3950667083263397,
    0.3769930899143219,
    0.3619992434978485
  ],
  "mse": [
    0.3989209234714508,
    0.3174189031124115,
    0.2770306169986725,
    0.2518594264984131,
    0.23244333267211914
  ],
  "val_loss": [
    0.5616568922996521,
    0.8225852251052856,
    0.7329367399215698,
    0.7391032576560974,
    0.796646773815155
  ],
  "val_mae": [
    0.5326920747756958,
    0.6236428618431091,
    0.6008171439170837,
    0.6027160286903381,
    0.618584394454956
  ],
  "val_mse": [
    0.5616568922996521,
    0.8225852251052856,
    0.7329367399215698,
    0.7391032576560974,
    0.796646773815155
  ],
  "learning_rate": [
    9.999999747378752e-05,
    9.999999747378752e-05,
    9.999999747378752e-05,
    9.999999747378752e-05,
    4.999999873689376e-05
  ]
}