{
  "loss": [
    0.3465615510940552,
    0.26361697912216187,
    0.2288917452096939,
    0.20989453792572021,
    0.18736566603183746
  ],
  "mae": [
    0.39104652404785156,
    0.34310218691825867,
    0.32429370284080505,
    0.31339630484580994,
    0.3001306653022766
  ],
  "mse": [
    0.3465615510940552,
    0.26361697912216187,
    0.2288917452096939,
    0.20989453792572021,
    0.18736566603183746
  ],
  "val_loss": [
    0.5022941827774048,
    0.5276446342468262,
    0.5741956233978271,
    0.5680891871452332,
    0.6054769158363342
  ],
  "val_mae": [
    0.3935147523880005,
    0.3952332139015198,
    0.40975362062454224,
    0.41136986017227173,
    0.4125934839248657
  ],
  "val_mse": [
    0.5022941827774048,
    0.5276446342468262,
    0.5741956233978271,
    0.5680891871452332,
    0.6054769158363342
  ],
  "learning_rate": [
    9.999999747378752e-05,
    9.999999747378752e-05,
    9.999999747378752e-05,
    9.999999747378752e-05,
    4.999999873689376e-05
  ]
}