{
  "loss": [
    0.8314184546470642,
    0.8191947340965271,
    0.8157204389572144,
    0.8135636448860168,
    0.8095836043357849
  ],
  "mae": [
    0.7239500880241394,
    0.7175505757331848,
    0.715579092502594,
    0.7143755555152893,
    0.7122955918312073
  ],
  "mse": [
    0.8314184546470642,
    0.8191947340965271,
    0.8157204389572144,
    0.8135636448860168,
    0.8095836043357849
  ],
  "val_loss": [
    0.5385993719100952,
    0.5526841282844543,
    0.5427134037017822,
    0.5448048710823059,
    0.5434626936912537
  ],
  "val_mae": [
    0.5843396186828613,
    0.5907882452011108,
    0.5861125588417053,
    0.5862301588058472,
    0.5856409668922424
  ],
  "val_mse": [
    0.5385993719100952,
    0.5526841282844543,
    0.5427134037017822,
    0.5448048710823059,
    0.5434626936912537
  ],
  "learning_rate": [
    9.999999747378752e-05,
    9.999999747378752e-05,
    9.999999747378752e-05,
    9.999999747378752e-05,
    4.999999873689376e-05
  ]
}