{
  "train_r2": 0.4625892639160156,
  "train_rmse": 0.7330828905105591,
  "n_train": 6663888,
  "val_r2": 0.18470686674118042,
  "val_rmse": 0.7241452932357788
}