{
  "loss": [
    0.2443435788154602,
    0.22819364070892334,
    0.223039448261261,
    0.21981041133403778,
    0.21737943589687347,
    0.21360643208026886
  ],
  "mae": [
    0.369741290807724,
    0.35719865560531616,
    0.35290610790252686,
    0.35021522641181946,
    0.3481093645095825,
    0.3448878824710846
  ],
  "mse": [
    0.2443435788154602,
    0.22819364070892334,
    0.223039448261261,
    0.21981041133403778,
    0.21737943589687347,
    0.21360643208026886
  ],
  "val_loss": [
    0.23205019533634186,
    0.2308754026889801,
    0.24167057871818542,
    0.24421365559101105,
    0.23173539340496063,
    0.2390182912349701
  ],
  "val_mae": [
    0.3537353277206421,
    0.35316476225852966,
    0.36254870891571045,
    0.37044578790664673,
    0.3548996150493622,
    0.3594387173652649
  ],
  "val_mse": [
    0.23205019533634186,
    0.2308754026889801,
    0.24167057871818542,
    0.24421365559101105,
    0.23173539340496063,
    0.2390182912349701
  ],
  "learning_rate": [
    9.999999747378752e-05,
    9.999999747378752e-05,
    9.999999747378752e-05,
    9.999999747378752e-05,
    9.999999747378752e-05,
    4.999999873689376e-05
  ]
}