{
  "train_r2": 0.15110939741134644,
  "train_rmse": 0.9213528037071228,
  "n_train": 6647760,
  "val_r2": 0.06179612874984741,
  "val_rmse": 1.0802829265594482
}