{
  "train_r2": 0.4853878617286682,
  "train_rmse": 0.7173649072647095,
  "n_train": 6647760,
  "val_r2": 0.2770341634750366,
  "val_rmse": 0.9483043551445007
}