{
  "loss": [
    0.34975963830947876,
    0.2785526216030121,
    0.25575992465019226,
    0.24102897942066193,
    0.22947078943252563,
    0.22005441784858704,
    0.21267765760421753,
    0.2032945454120636
  ],
  "mae": [
    0.4548134207725525,
    0.40721437335014343,
    0.38989707827568054,
    0.3780784606933594,
    0.3685910999774933,
    0.36067360639572144,
    0.3542923033237457,
    0.34621140360832214
  ],
  "mse": [
    0.34975963830947876,
    0.2785526216030121,
    0.25575992465019226,
    0.24102897942066193,
    0.22947078943252563,
    0.22005441784858704,
    0.21267765760421753,
    0.2032945454120636
  ],
  "val_loss": [
    0.31360331177711487,
    0.29847270250320435,
    0.2943383455276489,
    0.2865917980670929,
    0.3037472069263458,
    0.31162017583847046,
    0.3043062686920166,
    0.31862035393714905
  ],
  "val_mae": [
    0.4460946023464203,
    0.43241143226623535,
    0.4273880124092102,
    0.4204343855381012,
    0.43202298879623413,
    0.43667566776275635,
    0.43102651834487915,
    0.44188016653060913
  ],
  "val_mse": [
    0.31360331177711487,
    0.29847270250320435,
    0.2943383455276489,
    0.2865917980670929,
    0.3037472069263458,
    0.31162017583847046,
    0.3043062686920166,
    0.31862035393714905
  ],
  "learning_rate": [
    9.999999747378752e-05,
    9.999999747378752e-05,
    9.999999747378752e-05,
    9.999999747378752e-05,
    9.999999747378752e-05,
    9.999999747378752e-05,
    9.999999747378752e-05,
    4.999999873689376e-05
  ]
}